timestamp,machine_id,actual_kwh,predicted_kwh,recon_error,threshold,is_anomaly,alert_sent,latency_ms
2026-04-13T20:48:38,0,254.595,267.325,0.055343,0.097835,0,0,4.55
2026-04-13T20:48:38,0,247.769,260.157,0.054883,0.097835,0,0,0.62
2026-04-13T20:48:39,0,258.69,271.625,0.054202,0.097835,0,0,0.58
2026-04-13T20:48:39,0,254.595,267.325,0.053869,0.097835,0,0,0.55
2026-04-13T20:48:40,0,268.929,282.375,0.053511,0.097835,0,0,0.45
2026-04-13T20:48:40,0,237.531,249.408,0.055508,0.097835,0,0,0.59
2026-04-13T20:48:41,0,239.579,251.558,0.056192,0.097835,0,0,0.55
2026-04-13T20:48:42,0,236.848,248.69,0.056927,0.097835,0,0,0.54
2026-04-13T20:48:42,0,234.118,245.824,0.058316,0.097835,0,0,0.52
2026-04-13T20:48:43,0,229.34,240.807,0.05996,0.097835,0,0,0.66
2026-04-13T20:48:43,0,206.133,216.44,0.062946,0.097835,0,0,0.58
2026-04-13T20:48:44,0,216.372,227.191,0.065449,0.097835,0,0,0.45
2026-04-13T20:48:44,0,221.149,232.206,0.068585,0.097835,0,0,0.46
2026-04-13T20:48:45,0,266.199,279.509,0.061556,0.097835,0,0,0.5
2026-04-13T20:48:45,0,241.626,253.707,0.056925,0.097835,0,0,0.47
2026-04-13T20:48:46,0,240.261,252.274,0.051312,0.097835,0,0,0.53
2026-04-13T20:48:46,0,248.452,260.875,0.045378,0.097835,0,0,0.59
2026-04-13T20:48:47,0,224.562,235.79,0.0406,0.097835,0,0,0.43
2026-04-13T20:48:47,0,229.34,240.807,0.035037,0.097835,0,0,0.48
2026-04-13T20:48:48,0,227.293,238.658,0.02772,0.097835,0,0,0.98
2026-04-13T20:48:48,0,230.705,242.24,0.025429,0.097835,0,0,0.78
2026-04-13T20:48:49,0,239.579,251.558,0.025693,0.097835,0,0,0.7
2026-04-13T20:48:49,0,238.214,250.125,0.026018,0.097835,0,0,0.56
2026-04-13T20:48:50,0,236.166,247.974,0.026076,0.097835,0,0,0.56
2026-04-13T20:48:50,0,247.769,260.157,0.025333,0.097835,0,0,0.66
2026-04-13T20:48:51,0,242.309,254.424,0.024769,0.097835,0,0,0.56
2026-04-13T20:48:51,0,229.34,240.807,0.023423,0.097835,0,0,0.65
2026-04-13T20:48:52,0,221.149,232.206,0.023214,0.097835,0,0,0.5
2026-04-13T20:48:52,0,224.562,235.79,0.021235,0.097835,0,0,0.47
2026-04-13T20:48:53,0,223.197,234.357,0.02192,0.097835,0,0,0.51
2026-04-13T20:48:53,0,232.753,244.391,0.02136,0.097835,0,0,0.56
2026-04-13T20:48:54,0,212.276,222.89,0.022627,0.097835,0,0,0.47
2026-04-13T20:48:54,0,215.689,226.473,0.02331,0.097835,0,0,0.44
2026-04-13T20:48:55,0,215.689,226.473,0.023407,0.097835,0,0,0.47
2026-04-13T20:48:55,0,214.324,225.04,0.02283,0.097835,0,0,0.49
2026-04-13T20:48:56,0,217.737,228.624,0.022822,0.097835,0,0,0.61
2026-04-13T20:48:57,0,240.944,252.991,0.024291,0.097835,0,0,0.64
2026-04-13T20:48:57,0,256.643,269.475,0.023315,0.097835,0,0,1.31
2026-04-13T20:48:58,0,244.357,256.575,0.023585,0.097835,0,0,0.5
2026-04-13T20:48:58,0,317.39,333.26,0.031841,0.097835,0,0,0.45
2026-04-13T20:48:59,0,320.803,336.843,0.038693,0.097835,0,0,0.53
2026-04-13T20:48:59,0,303.057,318.21,0.04567,0.097835,0,0,0.5
2026-04-13T20:49:00,0,296.914,311.76,0.05198,0.097835,0,0,0.51
2026-04-13T20:49:00,0,284.628,298.859,0.056153,0.097835,0,0,0.53
2026-04-13T20:49:01,0,245.722,258.008,0.05525,0.097835,0,0,0.65
2026-04-13T20:49:01,0,258.69,271.625,0.055962,0.097835,0,0,0.47
2026-04-13T20:49:02,0,245.722,258.008,0.055409,0.097835,0,0,0.48
2026-04-13T20:49:02,0,259.373,272.342,0.057369,0.097835,0,0,0.56
2026-04-13T20:49:03,0,222.515,233.641,0.058011,0.097835,0,0,0.53
2026-04-13T20:49:03,0,226.61,237.941,0.058366,0.097835,0,0,0.73
2026-04-13T20:49:04,0,219.102,230.057,0.059058,0.097835,0,0,0.88
2026-04-13T20:49:04,0,212.276,222.89,0.059744,0.097835,0,0,0.46
2026-04-13T20:49:05,0,221.832,232.924,0.060095,0.097835,0,0,0.48
2026-04-13T20:49:05,0,208.863,219.306,0.061231,0.097835,0,0,0.75
2026-04-13T20:49:06,0,215.006,225.756,0.062714,0.097835,0,0,0.57
2026-04-13T20:49:06,0,223.197,234.357,0.062141,0.097835,0,0,0.6
2026-04-13T20:49:07,0,212.276,222.89,0.062639,0.097835,0,0,0.45
2026-04-13T20:49:07,0,214.324,225.04,0.063012,0.097835,0,0,0.59
2026-04-13T20:49:08,0,215.006,225.756,0.063252,0.097835,0,0,0.5
2026-04-13T20:49:08,0,211.594,222.174,0.064279,0.097835,0,0,0.5
2026-04-13T20:49:09,0,233.436,245.108,0.066008,0.097835,0,0,0.61
2026-04-13T20:49:09,0,265.516,278.792,0.066686,0.097835,0,0,0.51
2026-04-13T20:49:10,0,253.23,265.892,0.067773,0.097835,0,0,0.69
2026-04-13T20:49:10,0,269.611,283.092,0.062038,0.097835,0,0,0.79
2026-04-13T20:49:11,0,258.69,271.625,0.055673,0.097835,0,0,1.06
2026-04-13T20:49:11,0,273.024,286.675,0.052562,0.097835,0,0,0.57
2026-04-13T20:49:12,0,258.008,270.908,0.048544,0.097835,0,0,1.04
2026-04-13T20:49:14,0,264.833,278.075,0.046464,0.097835,0,0,1.0
2026-04-13T20:49:14,0,255.96,268.758,0.047452,0.097835,0,0,1.48
2026-04-13T20:49:15,0,258.69,271.625,0.047392,0.097835,0,0,0.91
2026-04-13T20:49:15,0,253.912,266.608,0.048118,0.097835,0,0,0.63
2026-04-13T20:49:16,0,252.547,265.174,0.045975,0.097835,0,0,1.0
2026-04-13T20:49:16,0,218.419,229.34,0.046308,0.097835,0,0,0.62
2026-04-13T20:49:17,0,219.784,230.773,0.046885,0.097835,0,0,0.89
2026-04-13T20:49:17,0,221.832,232.924,0.046663,0.097835,0,0,1.09
2026-04-13T20:49:18,0,195.895,205.69,0.04808,0.097835,0,0,0.72
2026-04-13T20:49:18,0,187.704,197.089,0.051014,0.097835,0,0,0.84
2026-04-13T20:49:19,0,200.673,210.707,0.051762,0.097835,0,0,0.58
2026-04-13T20:49:19,0,197.26,207.123,0.053325,0.097835,0,0,0.68
2026-04-13T20:49:20,0,201.355,211.423,0.055236,0.097835,0,0,0.62
2026-04-13T20:49:20,0,210.911,221.457,0.055413,0.097835,0,0,0.71
2026-04-13T20:49:21,0,204.768,215.006,0.056279,0.097835,0,0,0.59
2026-04-13T20:49:21,0,209.546,220.023,0.056794,0.097835,0,0,0.94
2026-04-13T20:49:22,0,215.006,225.756,0.057862,0.097835,0,0,0.63
2026-04-13T20:49:22,0,202.038,212.14,0.060691,0.097835,0,0,0.8
2026-04-13T20:49:23,0,236.848,248.69,0.057799,0.097835,0,0,0.66
2026-04-13T20:49:23,0,73.034,76.686,0.067415,0.097835,0,0,0.59
2026-04-13T20:49:24,0,182.926,192.072,0.065219,0.097835,0,0,0.55
2026-04-13T20:49:25,0,185.656,194.939,0.063933,0.097835,0,0,0.51
2026-04-13T20:49:25,0,184.974,194.223,0.060595,0.097835,0,0,0.56
2026-04-13T20:49:26,0,188.387,197.806,0.05773,0.097835,0,0,0.55
2026-04-13T20:49:26,0,185.656,194.939,0.054135,0.097835,0,0,0.49
2026-04-13T20:49:27,0,184.291,193.506,0.050665,0.097835,0,0,0.66
2026-04-13T20:49:27,0,189.069,198.522,0.046469,0.097835,0,0,0.61
2026-04-13T20:49:28,0,191.117,200.673,0.042287,0.097835,0,0,0.51
2026-04-13T20:49:28,0,182.244,191.356,0.038872,0.097835,0,0,0.53
2026-04-13T20:49:29,0,183.609,192.789,0.037505,0.097835,0,0,0.78
2026-04-13T20:49:29,0,174.735,183.472,0.036352,0.097835,0,0,0.65
2026-04-13T20:49:30,0,171.323,179.889,0.035064,0.097835,0,0,0.59
2026-04-13T20:49:30,0,166.545,174.872,0.036524,0.097835,0,0,0.64
2026-04-13T20:49:31,0,167.227,175.588,0.038271,0.097835,0,0,0.6
2026-04-13T20:49:31,0,169.275,177.739,0.03887,0.097835,0,0,0.73
2026-04-13T20:49:32,0,177.466,186.339,0.038683,0.097835,0,0,0.41
2026-04-13T20:49:32,0,193.165,202.823,0.038187,0.097835,0,0,0.53
2026-04-13T20:49:33,0,182.244,191.356,0.036724,0.097835,0,0,0.53
2026-04-13T20:49:33,0,189.069,198.522,0.035972,0.097835,0,0,0.49
2026-04-13T20:49:34,0,206.816,217.157,0.035823,0.097835,0,0,0.61
2026-04-13T20:49:35,0,200.673,210.707,0.03511,0.097835,0,0,0.54
2026-04-13T20:49:35,0,197.26,207.123,0.034805,0.097835,0,0,0.63
2026-04-13T20:49:36,0,172.005,180.605,0.031396,0.097835,0,0,0.62
2026-04-13T20:49:36,0,169.958,178.456,0.020431,0.097835,0,0,1.32
2026-04-13T20:49:37,0,180.879,189.923,0.020332,0.097835,0,0,1.46
2026-04-13T20:49:37,0,183.609,192.789,0.020227,0.097835,0,0,0.7
2026-04-13T20:49:38,0,181.561,190.639,0.020044,0.097835,0,0,0.46
2026-04-13T20:49:38,0,181.561,190.639,0.019658,0.097835,0,0,0.57
2026-04-13T20:49:39,0,182.244,191.356,0.019465,0.097835,0,0,0.65
2026-04-13T20:49:39,0,178.831,187.773,0.019281,0.097835,0,0,0.5
2026-04-13T20:49:40,0,176.101,184.906,0.01894,0.097835,0,0,0.55
2026-04-13T20:49:40,0,179.513,188.489,0.018125,0.097835,0,0,1.02
2026-04-13T20:49:41,0,178.831,187.773,0.017798,0.097835,0,0,0.83
2026-04-13T20:49:41,0,176.101,184.906,0.017018,0.097835,0,0,0.55
2026-04-13T20:49:42,0,176.783,185.622,0.01617,0.097835,0,0,0.52
2026-04-13T20:49:42,0,176.101,184.906,0.015633,0.097835,0,0,0.63
2026-04-13T20:49:43,0,174.735,183.472,0.014731,0.097835,0,0,0.53
2026-04-13T20:49:43,0,175.418,184.189,0.01398,0.097835,0,0,0.6
2026-04-13T20:49:44,0,178.831,187.773,0.013955,0.097835,0,0,0.57
2026-04-13T20:49:44,0,181.561,190.639,0.014337,0.097835,0,0,0.66
2026-04-13T20:49:45,0,184.291,193.506,0.013538,0.097835,0,0,1.18
2026-04-13T20:49:45,0,195.212,204.973,0.014732,0.097835,0,0,1.28
2026-04-13T20:49:46,0,197.26,207.123,0.015494,0.097835,0,0,1.48
2026-04-13T20:49:46,0,206.816,217.157,0.015498,0.097835,0,0,0.96
2026-04-13T20:49:47,0,210.228,220.739,0.016312,0.097835,0,0,0.81
2026-04-13T20:49:47,0,197.26,207.123,0.015104,0.097835,0,0,1.02
2026-04-13T20:49:48,0,172.688,181.322,0.015132,0.097835,0,0,0.78
2026-04-13T20:49:49,0,171.323,179.889,0.016159,0.097835,0,0,0.75
2026-04-13T20:49:49,0,173.37,182.038,0.016732,0.097835,0,0,0.71
2026-04-13T20:49:50,0,174.735,183.472,0.016772,0.097835,0,0,0.69
2026-04-13T20:49:50,0,175.418,184.189,0.016859,0.097835,0,0,0.69
2026-04-13T20:49:51,0,172.688,181.322,0.017034,0.097835,0,0,0.71
2026-04-13T20:49:51,0,174.735,183.472,0.016931,0.097835,0,0,1.07
2026-04-13T20:49:52,0,175.418,184.189,0.01679,0.097835,0,0,0.86
2026-04-13T20:49:52,0,179.513,188.489,0.017168,0.097835,0,0,0.53
2026-04-13T20:49:53,0,179.513,188.489,0.017127,0.097835,0,0,0.63
2026-04-13T20:49:53,0,176.783,185.622,0.016797,0.097835,0,0,0.85
2026-04-13T20:49:54,0,172.688,181.322,0.0172,0.097835,0,0,0.77
2026-04-13T20:49:54,0,176.101,184.906,0.017146,0.097835,0,0,0.51
2026-04-13T20:49:55,0,177.466,186.339,0.016807,0.097835,0,0,1.01
2026-04-13T20:49:55,0,179.513,188.489,0.01664,0.097835,0,0,0.85
2026-04-13T20:49:56,0,177.466,186.339,0.017176,0.097835,0,0,0.68
2026-04-13T20:49:56,0,177.466,186.339,0.017375,0.097835,0,0,0.81
2026-04-13T20:49:57,0,176.101,184.906,0.017304,0.097835,0,0,1.05
2026-04-13T20:49:57,0,178.148,187.055,0.016656,0.097835,0,0,1.1
2026-04-13T20:49:58,0,177.466,186.339,0.014512,0.097835,0,0,1.07
2026-04-13T20:49:58,0,183.609,192.789,0.013012,0.097835,0,0,0.66
2026-04-13T20:49:59,0,183.609,192.789,0.011014,0.097835,0,0,0.63
2026-04-13T20:49:59,0,187.704,197.089,0.009549,0.097835,0,0,0.75
2026-04-13T20:50:00,0,180.879,189.923,0.008615,0.097835,0,0,0.71
2026-04-13T20:50:00,0,169.275,177.739,0.008995,0.097835,0,0,0.95
2026-04-13T20:50:01,0,173.37,182.038,0.009172,0.097835,0,0,0.8
2026-04-13T20:50:01,0,173.37,182.038,0.009311,0.097835,0,0,0.81
2026-04-13T20:50:02,0,176.101,184.906,0.009245,0.097835,0,0,0.75
2026-04-13T20:50:02,0,173.37,182.038,0.009149,0.097835,0,0,0.67
2026-04-13T20:50:03,0,173.37,182.038,0.00931,0.097835,0,0,0.63
2026-04-13T20:50:03,0,174.735,183.472,0.009294,0.097835,0,0,0.97
2026-04-13T20:50:04,0,176.783,185.622,0.009326,0.097835,0,0,0.69
2026-04-13T20:50:05,0,181.561,190.639,0.009364,0.097835,0,0,0.6
2026-04-13T20:50:05,0,177.466,186.339,0.009172,0.097835,0,0,0.52
2026-04-13T20:50:06,0,174.735,183.472,0.008907,0.097835,0,0,0.95
2026-04-13T20:50:06,0,176.101,184.906,0.009014,0.097835,0,0,0.78
2026-04-13T20:50:07,0,175.418,184.189,0.008993,0.097835,0,0,0.86
2026-04-13T20:50:07,0,174.735,183.472,0.008908,0.097835,0,0,0.75
2026-04-13T20:50:08,0,175.418,184.189,0.008773,0.097835,0,0,0.83
2026-04-13T20:50:08,0,175.418,184.189,0.008709,0.097835,0,0,0.77
2026-04-13T20:50:09,0,175.418,184.189,0.008649,0.097835,0,0,0.82
2026-04-13T20:50:09,0,175.418,184.189,0.00864,0.097835,0,0,0.75
2026-04-13T20:50:10,0,175.418,184.189,0.008567,0.097835,0,0,0.83
2026-04-13T20:50:10,0,175.418,184.189,0.008519,0.097835,0,0,1.23
2026-04-13T20:50:11,0,176.101,184.906,0.008399,0.097835,0,0,1.07
2026-04-13T20:50:11,0,178.148,187.055,0.008386,0.097835,0,0,2.28
2026-04-13T20:50:12,0,177.466,186.339,0.008278,0.097835,0,0,0.8
2026-04-13T20:50:12,0,178.831,187.773,0.007786,0.097835,0,0,0.88
2026-04-13T20:50:13,0,172.005,180.605,0.007899,0.097835,0,0,0.65
2026-04-13T20:50:13,0,172.005,180.605,0.008005,0.097835,0,0,1.6
2026-04-13T20:50:14,0,175.418,184.189,0.008007,0.097835,0,0,0.85
2026-04-13T20:50:14,0,178.148,187.055,0.007993,0.097835,0,0,1.24
2026-04-13T20:50:15,0,178.831,187.773,0.008016,0.097835,0,0,2.28
2026-04-13T20:50:15,0,175.418,184.189,0.008049,0.097835,0,0,0.92
2026-04-13T20:50:16,0,174.053,182.756,0.00807,0.097835,0,0,0.86
2026-04-13T20:50:16,0,176.101,184.906,0.00807,0.097835,0,0,0.98
2026-04-13T20:50:17,0,177.466,186.339,0.008028,0.097835,0,0,0.99
2026-04-13T20:50:17,0,173.37,182.038,0.008014,0.097835,0,0,0.82
2026-04-13T20:50:18,0,176.101,184.906,0.008016,0.097835,0,0,0.61
2026-04-13T20:50:18,0,176.101,184.906,0.008008,0.097835,0,0,1.05
2026-04-13T20:50:19,0,178.148,187.055,0.00801,0.097835,0,0,0.67
2026-04-13T20:50:19,0,176.783,185.622,0.008024,0.097835,0,0,0.89
2026-04-13T20:50:20,0,174.053,182.756,0.00803,0.097835,0,0,0.94
2026-04-13T20:50:21,0,176.783,185.622,0.008034,0.097835,0,0,1.87
2026-04-13T20:50:21,0,178.148,187.055,0.008043,0.097835,0,0,2.01
2026-04-13T20:50:22,0,174.053,182.756,0.008054,0.097835,0,0,0.59
2026-04-13T20:50:22,0,176.783,185.622,0.008062,0.097835,0,0,0.61
2026-04-13T20:50:23,0,178.831,187.773,0.008076,0.097835,0,0,0.58
2026-04-13T20:50:23,0,182.244,191.356,0.008108,0.097835,0,0,0.84
2026-04-13T20:50:24,0,181.561,190.639,0.008143,0.097835,0,0,0.97
2026-04-13T20:50:24,0,178.148,187.055,0.00806,0.097835,0,0,0.65
2026-04-13T20:50:25,0,177.466,186.339,0.007781,0.097835,0,0,0.59
2026-04-13T20:50:25,0,178.831,187.773,0.007613,0.097835,0,0,0.81
2026-04-13T20:50:26,0,178.148,187.055,0.007659,0.097835,0,0,0.96
2026-04-13T20:50:26,0,176.101,184.906,0.007694,0.097835,0,0,1.47
2026-04-13T20:50:27,0,180.879,189.923,0.007738,0.097835,0,0,1.4
2026-04-13T20:50:27,0,184.974,194.223,0.007779,0.097835,0,0,1.14
2026-04-13T20:50:28,0,183.609,192.789,0.0079,0.097835,0,0,1.51
2026-04-13T20:50:28,0,188.387,197.806,0.008098,0.097835,0,0,1.64
2026-04-13T20:50:29,0,184.291,193.506,0.008157,0.097835,0,0,0.82
2026-04-13T20:50:29,0,188.387,197.806,0.007976,0.097835,0,0,0.65
2026-04-13T20:50:30,0,187.022,196.373,0.008403,0.097835,0,0,0.98
2026-04-13T20:50:30,0,182.244,191.356,0.008586,0.097835,0,0,1.0
2026-04-13T20:50:31,0,163.814,172.005,0.010602,0.097835,0,0,1.01
2026-04-13T20:50:31,0,170.64,179.172,0.011414,0.097835,0,0,0.78
2026-04-13T20:50:32,0,170.64,179.172,0.011937,0.097835,0,0,0.66
2026-04-13T20:50:32,0,170.64,179.172,0.012802,0.097835,0,0,0.8
2026-04-13T20:50:33,0,172.005,180.605,0.013217,0.097835,0,0,0.74
2026-04-13T20:50:33,0,170.64,179.172,0.013604,0.097835,0,0,0.89
2026-04-13T20:50:34,0,169.958,178.456,0.014391,0.097835,0,0,1.66
2026-04-13T20:50:35,0,170.64,179.172,0.01487,0.097835,0,0,0.86
2026-04-13T20:50:35,0,171.323,179.889,0.015039,0.097835,0,0,0.73
2026-04-13T20:50:36,0,174.053,182.756,0.014532,0.097835,0,0,1.38
2026-04-13T20:50:36,0,178.148,187.055,0.014266,0.097835,0,0,0.81
2026-04-13T20:50:37,0,177.466,186.339,0.014209,0.097835,0,0,0.93
2026-04-13T20:50:37,0,175.418,184.189,0.014056,0.097835,0,0,0.59
2026-04-13T20:50:38,0,170.64,179.172,0.014083,0.097835,0,0,0.67
2026-04-13T20:50:38,0,169.275,177.739,0.014181,0.097835,0,0,0.84
2026-04-13T20:50:39,0,174.053,182.756,0.014015,0.097835,0,0,1.13
2026-04-13T20:50:39,0,174.053,182.756,0.013451,0.097835,0,0,0.95
2026-04-13T20:50:40,0,176.101,184.906,0.012717,0.097835,0,0,0.59
2026-04-13T20:50:40,0,179.513,188.489,0.012382,0.097835,0,0,1.32
2026-04-13T20:50:41,0,180.879,189.923,0.011778,0.097835,0,0,0.85
2026-04-13T20:50:41,0,253.912,266.608,0.018269,0.097835,0,0,0.69
2026-04-13T20:50:42,0,253.912,266.608,0.026588,0.097835,0,0,0.97
2026-04-13T20:50:42,0,253.23,265.892,0.036304,0.097835,0,0,0.96
2026-04-13T20:50:43,0,235.483,247.257,0.043333,0.097835,0,0,0.87
2026-04-13T20:50:43,0,224.562,235.79,0.0487,0.097835,0,0,0.63
2026-04-13T20:50:44,0,228.658,240.091,0.053983,0.097835,0,0,0.73
2026-04-13T20:50:44,0,236.848,248.69,0.059423,0.097835,0,0,0.9
2026-04-13T20:50:45,0,240.944,252.991,0.064333,0.097835,0,0,0.79
2026-04-13T20:50:45,0,251.182,263.741,0.06943,0.097835,0,0,0.78
2026-04-13T20:50:46,0,237.531,249.408,0.071657,0.097835,0,0,1.03
2026-04-13T20:50:46,0,251.182,263.741,0.074166,0.097835,0,0,1.37
2026-04-13T20:50:47,0,248.452,260.875,0.075192,0.097835,0,0,0.95
2026-04-13T20:50:48,0,250.5,263.025,0.075223,0.097835,0,0,0.75
2026-04-13T20:50:48,0,256.643,269.475,0.074757,0.097835,0,0,0.84
2026-04-13T20:50:49,0,264.833,278.075,0.074011,0.097835,0,0,0.98
2026-04-13T20:50:49,0,260.738,273.775,0.071541,0.097835,0,0,1.36
2026-04-13T20:50:50,0,253.23,265.892,0.067117,0.097835,0,0,0.95
2026-04-13T20:50:50,0,239.579,251.558,0.060606,0.097835,0,0,1.24
2026-04-13T20:50:51,0,229.34,240.807,0.05287,0.097835,0,0,0.76
2026-04-13T20:50:51,0,237.531,249.408,0.045545,0.097835,0,0,1.84
2026-04-13T20:50:52,0,240.944,252.991,0.037467,0.097835,0,0,0.74
2026-04-13T20:50:52,0,247.087,259.441,0.030644,0.097835,0,0,1.11
2026-04-13T20:50:53,0,251.182,263.741,0.025113,0.097835,0,0,0.81
2026-04-13T20:50:53,0,249.817,262.308,0.02022,0.097835,0,0,0.88
2026-04-13T20:50:54,0,255.96,268.758,0.020388,0.097835,0,0,0.93
2026-04-13T20:50:54,0,450.0,157.5,0.054521,0.097835,0,1,2.5
2026-04-13T20:50:54,0,234.118,245.824,0.020932,0.097835,0,0,0.93
2026-04-13T20:50:55,0,450.0,157.5,0.054521,0.097835,0,1,1.14
2026-04-13T20:50:55,0,68.256,71.669,0.03832,0.097835,0,0,0.83
2026-04-13T20:50:56,0,165.18,173.439,0.046768,0.097835,0,0,1.37
2026-04-13T20:50:57,0,450.0,157.5,0.054521,0.097835,0,1,0.77
2026-04-13T20:50:57,0,245.722,258.008,0.045166,0.097835,0,0,0.64
2026-04-13T20:50:58,0,450.0,157.5,0.054521,0.097835,0,1,1.0
2026-04-13T20:50:58,0,240.261,252.274,0.04495,0.097835,0,0,0.74
2026-04-13T20:50:59,0,450.0,157.5,0.054521,0.097835,0,1,1.29
2026-04-13T20:50:59,0,240.944,252.991,0.044666,0.097835,0,0,0.88
2026-04-13T20:51:00,0,450.0,157.5,0.054521,0.097835,0,1,1.83
2026-04-13T20:51:00,0,238.896,250.841,0.044326,0.097835,0,0,0.51
2026-04-13T20:51:01,0,450.0,157.5,0.054521,0.097835,0,1,0.59
2026-04-13T20:51:01,0,239.579,251.558,0.043853,0.097835,0,0,0.56
2026-04-13T20:51:02,0,450.0,157.5,0.054521,0.097835,0,1,0.82
2026-04-13T20:51:02,0,242.309,254.424,0.043856,0.097835,0,0,0.97
2026-04-13T20:51:03,0,450.0,157.5,0.054521,0.097835,0,1,0.6
2026-04-13T20:51:03,0,242.309,254.424,0.04361,0.097835,0,0,0.66
2026-04-13T20:51:04,0,450.0,157.5,0.054521,0.097835,0,1,0.64
2026-04-13T20:51:04,0,247.769,260.157,0.043645,0.097835,0,0,0.5
2026-04-13T20:51:05,0,255.96,268.758,0.043922,0.097835,0,0,1.78
2026-04-13T20:51:05,0,259.373,272.342,0.044212,0.097835,0,0,0.8
2026-04-13T20:51:06,0,249.817,262.308,0.044099,0.097835,0,0,1.02
2026-04-13T20:51:06,0,249.817,262.308,0.04411,0.097835,0,0,0.78
2026-04-13T20:51:07,0,247.087,259.441,0.044193,0.097835,0,0,1.31
2026-04-13T20:51:07,0,237.531,249.408,0.043485,0.097835,0,0,0.62
2026-04-13T20:51:08,0,232.071,243.675,0.04422,0.097835,0,0,0.71
2026-04-13T20:51:08,0,240.944,252.991,0.0445,0.097835,0,0,0.88
2026-04-13T20:51:09,0,245.039,257.291,0.044782,0.097835,0,0,0.93
2026-04-13T20:51:09,0,246.404,258.724,0.044917,0.097835,0,0,1.11
2026-04-13T20:51:10,0,255.278,268.042,0.045162,0.097835,0,0,1.15
2026-04-13T20:51:10,0,257.325,270.191,0.045415,0.097835,0,0,1.19
2026-04-13T20:51:11,0,256.643,269.475,0.045428,0.097835,0,0,1.22
2026-04-13T20:51:11,0,258.008,270.908,0.044615,0.097835,0,0,2.38
2026-04-13T20:51:12,0,251.182,263.741,0.020697,0.097835,0,0,2.84
2026-04-13T20:51:12,0,249.817,262.308,0.014045,0.097835,0,0,0.74
2026-04-13T20:51:13,0,245.039,257.291,0.013092,0.097835,0,0,1.15
2026-04-13T20:51:13,0,241.626,253.707,0.013092,0.097835,0,0,0.81
2026-04-13T20:51:14,0,240.944,252.991,0.012867,0.097835,0,0,0.77
2026-04-13T20:51:15,0,240.261,252.274,0.012768,0.097835,0,0,0.94
2026-04-13T20:51:15,0,240.944,252.991,0.013123,0.097835,0,0,0.88
2026-04-13T20:51:16,0,240.944,252.991,0.013283,0.097835,0,0,0.67
2026-04-13T20:51:16,0,247.087,259.441,0.01393,0.097835,0,0,0.93
2026-04-13T20:51:17,0,244.357,256.575,0.014276,0.097835,0,0,0.62
2026-04-13T20:51:17,0,251.865,264.458,0.013826,0.097835,0,0,0.81
2026-04-13T20:51:18,0,255.278,268.042,0.013362,0.097835,0,0,1.21
2026-04-13T20:51:18,0,257.325,270.191,0.014118,0.097835,0,0,0.69
2026-04-13T20:51:19,0,249.135,261.592,0.013882,0.097835,0,0,1.14
2026-04-13T20:51:19,0,244.357,256.575,0.012751,0.097835,0,0,0.84
2026-04-13T20:51:20,0,230.023,241.524,0.013342,0.097835,0,0,0.91
2026-04-13T20:51:20,0,232.753,244.391,0.013569,0.097835,0,0,0.69
2026-04-13T20:51:21,0,239.579,251.558,0.01446,0.097835,0,0,0.72
2026-04-13T20:51:21,0,60.065,63.069,0.036384,0.097835,0,0,0.68
2026-04-13T20:51:22,0,53.922,56.618,0.065837,0.097835,0,0,0.66
2026-04-13T20:51:22,0,244.357,256.575,0.064485,0.097835,0,0,0.73
2026-04-13T20:51:23,0,245.722,258.008,0.063394,0.097835,0,0,1.04
2026-04-13T20:51:23,0,246.404,258.724,0.062554,0.097835,0,0,0.96
2026-04-13T20:51:24,0,244.357,256.575,0.061855,0.097835,0,0,0.74
2026-04-13T20:51:24,0,244.357,256.575,0.061424,0.097835,0,0,0.67
2026-04-13T20:51:25,0,242.991,255.141,0.06113,0.097835,0,0,0.69
2026-04-13T20:51:25,0,243.674,255.858,0.061044,0.097835,0,0,0.74
2026-04-13T20:51:26,0,242.309,254.424,0.061091,0.097835,0,0,1.01
2026-04-13T20:51:26,0,240.944,252.991,0.061212,0.097835,0,0,1.0
2026-04-13T20:51:27,0,239.579,251.558,0.061389,0.097835,0,0,0.76
2026-04-13T20:51:28,0,238.896,250.841,0.06163,0.097835,0,0,3.48
2026-04-13T20:51:28,0,242.309,254.424,0.061969,0.097835,0,0,0.98
2026-04-13T20:51:29,0,246.404,258.724,0.062349,0.097835,0,0,0.8
2026-04-13T20:51:29,0,248.452,260.875,0.062804,0.097835,0,0,0.83
2026-04-13T20:51:30,0,255.96,268.758,0.063296,0.097835,0,0,0.62
2026-04-13T20:51:30,0,258.008,270.908,0.063791,0.097835,0,0,0.65
2026-04-13T20:51:31,0,255.278,268.042,0.06422,0.097835,0,0,0.71
2026-04-13T20:51:31,0,247.087,259.441,0.064561,0.097835,0,0,0.7
2026-04-13T20:51:32,0,248.452,260.875,0.06486,0.097835,0,0,0.75
2026-04-13T20:51:32,0,236.848,248.69,0.065027,0.097835,0,0,1.44
2026-04-13T20:51:33,0,231.388,242.957,0.064922,0.097835,0,0,1.45
2026-04-13T20:51:33,0,237.531,249.408,0.063534,0.097835,0,0,0.98
2026-04-13T20:51:34,0,240.261,252.274,0.033745,0.097835,0,0,0.67
2026-04-13T20:51:34,0,239.579,251.558,0.011045,0.097835,0,0,0.74
2026-04-13T20:51:35,0,242.309,254.424,0.011293,0.097835,0,0,0.65
2026-04-13T20:51:35,0,245.039,257.291,0.011166,0.097835,0,0,0.97
2026-04-13T20:51:36,0,247.087,259.441,0.011165,0.097835,0,0,0.58
2026-04-13T20:51:36,0,245.039,257.291,0.011148,0.097835,0,0,1.44
2026-04-13T20:51:37,0,242.991,255.141,0.011013,0.097835,0,0,0.98
2026-04-13T20:51:37,0,238.214,250.125,0.011549,0.097835,0,0,0.63
2026-04-13T20:51:38,0,235.483,247.257,0.011994,0.097835,0,0,0.77
2026-04-13T20:51:38,0,238.214,250.125,0.012095,0.097835,0,0,1.49
2026-04-13T20:51:39,0,245.039,257.291,0.011621,0.097835,0,0,0.56
2026-04-13T20:51:39,0,250.5,263.025,0.011524,0.097835,0,0,0.62
2026-04-13T20:51:40,0,253.912,266.608,0.012551,0.097835,0,0,0.66
2026-04-13T20:51:40,0,252.547,265.174,0.013586,0.097835,0,0,0.71
2026-04-13T20:51:41,0,249.817,262.308,0.013925,0.097835,0,0,0.59
2026-04-13T20:51:41,0,249.135,261.592,0.013984,0.097835,0,0,1.08
2026-04-13T20:51:42,0,251.865,264.458,0.013554,0.097835,0,0,1.05
2026-04-13T20:51:43,0,251.182,263.741,0.012843,0.097835,0,0,0.69
2026-04-13T20:51:43,0,247.769,260.157,0.012065,0.097835,0,0,0.56
2026-04-13T20:51:44,0,246.404,258.724,0.01197,0.097835,0,0,0.85
2026-04-13T20:51:44,0,247.769,260.157,0.010471,0.097835,0,0,0.96
2026-04-13T20:51:45,0,245.039,257.291,0.009681,0.097835,0,0,0.79
2026-04-13T20:51:45,0,238.214,250.125,0.009105,0.097835,0,0,0.63
2026-04-13T20:51:46,0,241.626,253.707,0.009212,0.097835,0,0,0.63
2026-04-13T20:51:46,0,245.039,257.291,0.008641,0.097835,0,0,0.72
2026-04-13T20:51:47,0,245.722,258.008,0.008582,0.097835,0,0,0.88
2026-04-13T20:51:47,0,247.087,259.441,0.008831,0.097835,0,0,0.68
2026-04-13T20:51:48,0,246.404,258.724,0.008932,0.097835,0,0,0.59
2026-04-13T20:51:48,0,242.309,254.424,0.008963,0.097835,0,0,0.53
2026-04-13T20:51:49,0,240.261,252.274,0.009059,0.097835,0,0,0.79
2026-04-13T20:51:49,0,235.483,247.257,0.008921,0.097835,0,0,0.7
2026-04-13T20:51:50,0,240.261,252.274,0.00869,0.097835,0,0,1.17
2026-04-13T20:51:50,0,241.626,253.707,0.008122,0.097835,0,0,0.79
2026-04-13T20:51:51,0,247.087,259.441,0.00871,0.097835,0,0,0.96
2026-04-13T20:51:51,0,254.595,267.325,0.009682,0.097835,0,0,1.01
2026-04-13T20:51:52,0,251.865,264.458,0.009827,0.097835,0,0,0.58
2026-04-13T20:51:52,0,249.817,262.308,0.009364,0.097835,0,0,1.0
2026-04-13T20:51:53,0,250.5,263.025,0.009156,0.097835,0,0,0.83
2026-04-13T20:51:53,0,249.817,262.308,0.009156,0.097835,0,0,0.73
2026-04-13T20:51:54,0,251.865,264.458,0.00941,0.097835,0,0,0.93
2026-04-13T20:51:54,0,251.182,263.741,0.009343,0.097835,0,0,0.66
2026-04-13T20:51:55,0,247.769,260.157,0.008966,0.097835,0,0,0.83
2026-04-13T20:51:55,0,246.404,258.724,0.008896,0.097835,0,0,1.15
2026-04-13T20:51:56,0,241.626,253.707,0.00928,0.097835,0,0,0.65
2026-04-13T20:51:57,0,244.357,256.575,0.009118,0.097835,0,0,0.97
2026-04-13T20:51:57,0,249.135,261.592,0.007991,0.097835,0,0,1.06
2026-04-13T20:51:58,0,242.991,255.141,0.008137,0.097835,0,0,0.77
2026-04-13T20:51:58,0,249.817,262.308,0.008537,0.097835,0,0,0.78
2026-04-13T20:51:59,0,240.261,252.274,0.009203,0.097835,0,0,0.9
2026-04-13T20:51:59,0,241.626,253.707,0.00974,0.097835,0,0,0.74
2026-04-13T20:52:00,0,245.039,257.291,0.009787,0.097835,0,0,0.97
2026-04-13T20:52:00,0,249.135,261.592,0.009223,0.097835,0,0,0.87
2026-04-13T20:52:01,0,249.817,262.308,0.008593,0.097835,0,0,0.61
2026-04-13T20:52:01,0,252.547,265.174,0.008139,0.097835,0,0,0.93
2026-04-13T20:52:02,0,253.23,265.892,0.00735,0.097835,0,0,0.94
2026-04-13T20:52:02,0,252.547,265.174,0.006906,0.097835,0,0,0.67
2026-04-13T20:52:03,0,244.357,256.575,0.007659,0.097835,0,0,1.13
2026-04-13T20:52:03,0,240.261,252.274,0.008778,0.097835,0,0,0.76
2026-04-13T20:52:04,0,234.801,246.541,0.0097,0.097835,0,0,1.18
2026-04-13T20:52:04,0,235.483,247.257,0.01059,0.097835,0,0,0.64
2026-04-13T20:52:05,0,241.626,253.707,0.010867,0.097835,0,0,1.61
2026-04-13T20:52:05,0,246.404,258.724,0.010544,0.097835,0,0,0.65
2026-04-13T20:52:06,0,247.769,260.157,0.010339,0.097835,0,0,0.6
2026-04-13T20:52:06,0,249.817,262.308,0.010128,0.097835,0,0,0.88
2026-04-13T20:52:07,0,242.309,254.424,0.010036,0.097835,0,0,0.89
2026-04-13T20:52:07,0,248.452,260.875,0.01004,0.097835,0,0,0.95
2026-04-13T20:52:08,0,245.039,257.291,0.009281,0.097835,0,0,0.64
2026-04-13T20:52:09,0,245.039,257.291,0.00953,0.097835,0,0,0.66
2026-04-13T20:52:09,0,243.674,255.858,0.00989,0.097835,0,0,0.77
2026-04-13T20:52:10,0,239.579,251.558,0.009613,0.097835,0,0,0.97
2026-04-13T20:52:10,0,244.357,256.575,0.009988,0.097835,0,0,0.88
2026-04-13T20:52:11,0,245.722,258.008,0.008521,0.097835,0,0,0.9
2026-04-13T20:52:11,0,245.722,258.008,0.008366,0.097835,0,0,1.01
2026-04-13T20:52:12,0,247.769,260.157,0.008873,0.097835,0,0,1.07
2026-04-13T20:52:12,0,254.595,267.325,0.00989,0.097835,0,0,0.92
2026-04-13T20:52:13,0,252.547,265.174,0.01025,0.097835,0,0,1.0
2026-04-13T20:52:13,0,253.912,266.608,0.01068,0.097835,0,0,0.71
2026-04-13T20:52:14,0,255.278,268.042,0.010952,0.097835,0,0,0.86
2026-04-13T20:52:14,0,251.182,263.741,0.010641,0.097835,0,0,0.75
2026-04-13T20:52:15,0,251.182,263.741,0.010031,0.097835,0,0,0.88
2026-04-13T20:52:15,0,247.087,259.441,0.009089,0.097835,0,0,0.64
2026-04-13T20:52:16,0,243.674,255.858,0.008528,0.097835,0,0,0.84
2026-04-13T20:52:16,0,241.626,253.707,0.007978,0.097835,0,0,0.63
2026-04-13T20:52:17,0,245.039,257.291,0.007618,0.097835,0,0,0.79
2026-04-13T20:52:17,0,251.865,264.458,0.008475,0.097835,0,0,1.02
2026-04-13T20:52:18,0,252.547,265.174,0.009085,0.097835,0,0,1.07
2026-04-13T20:52:19,0,254.595,267.325,0.009758,0.097835,0,0,0.73
2026-04-13T20:52:19,0,256.643,269.475,0.009256,0.097835,0,0,0.86
2026-04-13T20:52:20,0,258.008,270.908,0.010624,0.097835,0,0,0.77
2026-04-13T20:52:20,0,258.69,271.625,0.010646,0.097835,0,0,0.94
2026-04-13T20:52:21,0,268.246,281.658,0.011515,0.097835,0,0,0.69
2026-04-13T20:52:21,0,260.738,273.775,0.011432,0.097835,0,0,0.95
2026-04-13T20:52:22,0,260.055,273.058,0.011393,0.097835,0,0,1.25
2026-04-13T20:52:22,0,254.595,267.325,0.010452,0.097835,0,0,0.52
2026-04-13T20:52:23,0,249.817,262.308,0.010129,0.097835,0,0,0.9
2026-04-13T20:52:23,0,242.991,255.141,0.010385,0.097835,0,0,0.51
2026-04-13T20:52:24,0,245.039,257.291,0.010889,0.097835,0,0,0.54
2026-04-13T20:52:24,0,245.722,258.008,0.011989,0.097835,0,0,0.58
2026-04-13T20:52:25,0,251.182,263.741,0.01196,0.097835,0,0,0.62
2026-04-13T20:52:25,0,251.182,263.741,0.012122,0.097835,0,0,0.82
2026-04-13T20:52:26,0,244.357,256.575,0.012545,0.097835,0,0,0.55
2026-04-13T20:52:26,0,244.357,256.575,0.01263,0.097835,0,0,0.68
2026-04-13T20:52:27,0,240.261,252.274,0.01355,0.097835,0,0,0.82
2026-04-13T20:52:27,0,242.309,254.424,0.013552,0.097835,0,0,0.66
2026-04-13T20:52:28,0,238.214,250.125,0.013791,0.097835,0,0,1.09
2026-04-13T20:52:28,0,239.579,251.558,0.014005,0.097835,0,0,0.72
2026-04-13T20:52:29,0,253.23,265.892,0.013743,0.097835,0,0,0.64
2026-04-13T20:52:30,0,258.69,271.625,0.015017,0.097835,0,0,0.93
2026-04-13T20:52:30,0,262.786,275.925,0.016036,0.097835,0,0,0.81
2026-04-13T20:52:31,0,257.325,270.191,0.016482,0.097835,0,0,0.64
2026-04-13T20:52:31,0,262.786,275.925,0.017245,0.097835,0,0,0.56
2026-04-13T20:52:32,0,260.738,273.775,0.017627,0.097835,0,0,0.78
2026-04-13T20:52:32,0,270.294,283.809,0.018851,0.097835,0,0,0.67
2026-04-13T20:52:33,0,267.564,280.942,0.019728,0.097835,0,0,0.65
2026-04-13T20:52:33,0,261.421,274.492,0.019005,0.097835,0,0,0.7
2026-04-13T20:52:34,0,273.707,287.392,0.020288,0.097835,0,0,0.63
2026-04-13T20:52:34,0,262.103,275.208,0.020404,0.097835,0,0,0.57
2026-04-13T20:52:35,0,240.944,252.991,0.020666,0.097835,0,0,0.96
2026-04-13T20:52:35,0,231.388,242.957,0.021321,0.097835,0,0,0.7
2026-04-13T20:52:36,1,450.0,157.5,0.054521,0.097835,0,1,0.58
2026-04-13T20:52:36,0,240.944,252.991,0.021676,0.097835,0,0,1.71
2026-04-13T20:52:37,1,450.0,157.5,0.054521,0.097835,0,1,1.04
2026-04-13T20:52:37,0,247.087,259.441,0.021613,0.097835,0,0,0.56
2026-04-13T20:52:38,1,450.0,157.5,0.054521,0.097835,0,1,0.82
2026-04-13T20:52:38,0,249.135,261.592,0.022313,0.097835,0,0,0.66
2026-04-13T20:52:40,1,450.0,157.5,0.054521,0.097835,0,1,0.87
2026-04-13T20:52:40,0,253.912,266.608,0.022276,0.097835,0,0,0.76
2026-04-13T20:52:41,1,450.0,157.5,0.054521,0.097835,0,1,1.31
2026-04-13T20:52:41,0,256.643,269.475,0.021208,0.097835,0,0,0.7
2026-04-13T20:52:42,1,450.0,157.5,0.054521,0.097835,0,1,0.84
2026-04-13T20:52:42,0,252.547,265.174,0.020406,0.097835,0,0,1.17
2026-04-13T20:52:43,1,450.0,157.5,0.054521,0.097835,0,1,0.75
2026-04-13T20:52:43,0,252.547,265.174,0.019642,0.097835,0,0,0.7
2026-04-13T20:52:44,1,450.0,157.5,0.054521,0.097835,0,1,0.95
2026-04-13T20:52:44,0,253.23,265.892,0.018545,0.097835,0,0,0.47
2026-04-13T20:52:45,1,450.0,157.5,0.054521,0.097835,0,1,1.91
2026-04-13T20:52:45,0,246.404,258.724,0.018211,0.097835,0,0,0.6
2026-04-13T20:52:46,1,450.0,157.5,0.054521,0.097835,0,1,1.51
2026-04-13T20:52:46,0,237.531,249.408,0.018291,0.097835,0,0,0.57
2026-04-13T20:52:46,0,243.674,255.858,0.019219,0.097835,0,0,1.23
2026-04-13T20:52:47,0,243.674,255.858,0.020402,0.097835,0,0,0.82
2026-04-13T20:52:47,0,239.579,251.558,0.021167,0.097835,0,0,0.52
2026-04-13T20:52:48,0,249.135,261.592,0.020574,0.097835,0,0,0.63
2026-04-13T20:52:48,0,253.23,265.892,0.020155,0.097835,0,0,0.85
2026-04-13T20:52:49,0,256.643,269.475,0.019495,0.097835,0,0,0.65
2026-04-13T20:52:49,0,264.151,277.359,0.019835,0.097835,0,0,1.04
2026-04-13T20:52:50,0,260.738,273.775,0.018849,0.097835,0,0,1.04
2026-04-13T20:52:50,0,260.738,273.775,0.018249,0.097835,0,0,1.08
2026-04-13T20:52:51,0,269.611,283.092,0.01896,0.097835,0,0,0.89
2026-04-13T20:52:51,0,264.151,277.359,0.018112,0.097835,0,0,0.74
2026-04-13T20:52:52,0,250.5,263.025,0.015778,0.097835,0,0,0.67
2026-04-13T20:52:52,0,241.626,253.707,0.015715,0.097835,0,0,0.55
2026-04-13T20:52:53,0,237.531,249.408,0.015143,0.097835,0,0,0.75
2026-04-13T20:52:53,0,238.896,250.841,0.01602,0.097835,0,0,0.66
2026-04-13T20:52:54,0,241.626,253.707,0.017007,0.097835,0,0,0.59
2026-04-13T20:52:54,0,241.626,253.707,0.01812,0.097835,0,0,1.02
2026-04-13T20:52:55,0,244.357,256.575,0.01841,0.097835,0,0,0.54
2026-04-13T20:52:56,0,239.579,251.558,0.018718,0.097835,0,0,0.53
2026-04-13T20:52:56,0,240.261,252.274,0.019202,0.097835,0,0,1.08
2026-04-13T20:52:57,0,241.626,253.707,0.019366,0.097835,0,0,1.19
2026-04-13T20:52:57,0,243.674,255.858,0.01885,0.097835,0,0,0.68
2026-04-13T20:52:58,0,242.991,255.141,0.018066,0.097835,0,0,0.89
2026-04-13T20:52:58,0,242.309,254.424,0.018308,0.097835,0,0,0.67
2026-04-13T20:52:59,0,242.991,255.141,0.018393,0.097835,0,0,0.58
2026-04-13T20:52:59,0,253.912,266.608,0.018105,0.097835,0,0,0.58
2026-04-13T20:53:00,0,254.595,267.325,0.019281,0.097835,0,0,0.47
2026-04-13T20:53:00,0,255.96,268.758,0.019983,0.097835,0,0,1.04
2026-04-13T20:53:01,0,266.881,280.225,0.021461,0.097835,0,0,0.67
2026-04-13T20:53:01,0,257.325,270.191,0.021507,0.097835,0,0,0.67
2026-04-13T20:53:02,0,260.055,273.058,0.021012,0.097835,0,0,0.63
2026-04-13T20:53:02,0,264.833,278.075,0.021411,0.097835,0,0,0.75
2026-04-13T20:53:03,0,260.738,273.775,0.021357,0.097835,0,0,0.9
2026-04-13T20:53:03,0,265.516,278.792,0.020875,0.097835,0,0,1.98
2026-04-13T20:53:04,0,261.421,274.492,0.020503,0.097835,0,0,0.69
2026-04-13T20:53:04,0,264.151,277.359,0.020353,0.097835,0,0,0.56
2026-04-13T20:53:05,0,239.579,251.558,0.020518,0.097835,0,0,0.69
2026-04-13T20:53:05,0,235.483,247.257,0.020693,0.097835,0,0,0.68
2026-04-13T20:53:06,0,247.087,259.441,0.020001,0.097835,0,0,0.57
2026-04-13T20:53:07,0,240.261,252.274,0.020125,0.097835,0,0,1.18
2026-04-13T20:53:07,0,240.261,252.274,0.020591,0.097835,0,0,0.66
2026-04-13T20:53:08,0,239.579,251.558,0.020674,0.097835,0,0,0.74
2026-04-13T20:53:08,0,242.309,254.424,0.020461,0.097835,0,0,0.71
2026-04-13T20:53:09,0,240.944,252.991,0.020424,0.097835,0,0,0.97
2026-04-13T20:53:09,0,240.944,252.991,0.020657,0.097835,0,0,0.83
2026-04-13T20:53:10,0,239.579,251.558,0.020912,0.097835,0,0,0.61
2026-04-13T20:53:10,0,240.261,252.274,0.021128,0.097835,0,0,0.54
2026-04-13T20:53:11,0,243.674,255.858,0.021106,0.097835,0,0,0.77
2026-04-13T20:53:11,0,241.626,253.707,0.022751,0.097835,0,0,0.63
2026-04-13T20:53:12,0,244.357,256.575,0.022992,0.097835,0,0,0.66
2026-04-13T20:53:12,0,240.944,252.991,0.023244,0.097835,0,0,0.7
2026-04-13T20:53:13,0,245.722,258.008,0.022819,0.097835,0,0,0.77
2026-04-13T20:53:13,0,245.039,257.291,0.020756,0.097835,0,0,0.77
2026-04-13T20:53:14,0,249.135,261.592,0.019644,0.097835,0,0,0.76
2026-04-13T20:53:14,0,254.595,267.325,0.018869,0.097835,0,0,0.62
2026-04-13T20:53:15,0,259.373,272.342,0.018052,0.097835,0,0,0.7
2026-04-13T20:53:15,0,265.516,278.792,0.018592,0.097835,0,0,0.66
2026-04-13T20:53:16,0,269.611,283.092,0.018994,0.097835,0,0,0.68
2026-04-13T20:53:16,0,261.421,274.492,0.018788,0.097835,0,0,0.85
2026-04-13T20:53:17,0,262.786,275.925,0.016947,0.097835,0,0,1.06
2026-04-13T20:53:17,0,251.865,264.458,0.016931,0.097835,0,0,0.88
2026-04-13T20:53:18,0,242.991,255.141,0.017708,0.097835,0,0,0.55
2026-04-13T20:53:18,0,246.404,258.724,0.016449,0.097835,0,0,1.02
